<?xml version="1.0" encoding="UTF-8"?>
<root>
  <item name="com.lenovo.loaddatalib.LoadDataLayout com.lenovo.loaddatalib.LoadDataLayout setReloadClickArea(int) 0">
    <annotation name="android.support.annotation.IntDef">
      <val name="value" val="{com.lenovo.loaddatalib.LoadDataLayout.FULL, com.lenovo.loaddatalib.LoadDataLayout.BUTTON}" />
    </annotation>
  </item>
  <item name="com.lenovo.loaddatalib.LoadDataLayout void setStatus(int) 0">
    <annotation name="android.support.annotation.IntDef">
      <val name="value" val="{com.lenovo.loaddatalib.LoadDataLayout.SUCCESS, com.lenovo.loaddatalib.LoadDataLayout.EMPTY, com.lenovo.loaddatalib.LoadDataLayout.ERROR, com.lenovo.loaddatalib.LoadDataLayout.NO_NETWORK, com.lenovo.loaddatalib.LoadDataLayout.LOADING}" />
    </annotation>
  </item>
  <item name="com.lenovo.loaddatalib.LoadDataLayout.Area">
    <annotation name="android.support.annotation.IntDef">
      <val name="value" val="{com.lenovo.loaddatalib.LoadDataLayout.FULL, com.lenovo.loaddatalib.LoadDataLayout.BUTTON}" />
    </annotation>
  </item>
  <item name="com.lenovo.loaddatalib.LoadDataLayout.Builder com.lenovo.loaddatalib.LoadDataLayout.Builder setReloadClickArea(int) 0">
    <annotation name="android.support.annotation.IntDef">
      <val name="value" val="{com.lenovo.loaddatalib.LoadDataLayout.FULL, com.lenovo.loaddatalib.LoadDataLayout.BUTTON}" />
    </annotation>
  </item>
  <item name="com.lenovo.loaddatalib.LoadDataLayout.Flavour">
    <annotation name="android.support.annotation.IntDef">
      <val name="value" val="{com.lenovo.loaddatalib.LoadDataLayout.SUCCESS, com.lenovo.loaddatalib.LoadDataLayout.EMPTY, com.lenovo.loaddatalib.LoadDataLayout.ERROR, com.lenovo.loaddatalib.LoadDataLayout.NO_NETWORK, com.lenovo.loaddatalib.LoadDataLayout.LOADING}" />
    </annotation>
  </item>
  <item name="com.lenovo.loaddatalib.SwipeLoadDataLayout com.lenovo.loaddatalib.SwipeLoadDataLayout setReloadClickArea(int) 0">
    <annotation name="android.support.annotation.IntDef">
      <val name="value" val="{com.lenovo.loaddatalib.SwipeLoadDataLayout.FULL, com.lenovo.loaddatalib.SwipeLoadDataLayout.BUTTON}" />
    </annotation>
  </item>
  <item name="com.lenovo.loaddatalib.SwipeLoadDataLayout void setStatus(int) 0">
    <annotation name="android.support.annotation.IntDef">
      <val name="value" val="{com.lenovo.loaddatalib.SwipeLoadDataLayout.SUCCESS, com.lenovo.loaddatalib.SwipeLoadDataLayout.EMPTY, com.lenovo.loaddatalib.SwipeLoadDataLayout.ERROR, com.lenovo.loaddatalib.SwipeLoadDataLayout.NO_NETWORK, com.lenovo.loaddatalib.SwipeLoadDataLayout.LOADING}" />
    </annotation>
  </item>
  <item name="com.lenovo.loaddatalib.SwipeLoadDataLayout.Area">
    <annotation name="android.support.annotation.IntDef">
      <val name="value" val="{com.lenovo.loaddatalib.SwipeLoadDataLayout.FULL, com.lenovo.loaddatalib.SwipeLoadDataLayout.BUTTON}" />
    </annotation>
  </item>
  <item name="com.lenovo.loaddatalib.SwipeLoadDataLayout.Builder com.lenovo.loaddatalib.SwipeLoadDataLayout.Builder setReloadClickArea(int) 0">
    <annotation name="android.support.annotation.IntDef">
      <val name="value" val="{com.lenovo.loaddatalib.SwipeLoadDataLayout.FULL, com.lenovo.loaddatalib.SwipeLoadDataLayout.BUTTON}" />
    </annotation>
  </item>
  <item name="com.lenovo.loaddatalib.SwipeLoadDataLayout.Flavour">
    <annotation name="android.support.annotation.IntDef">
      <val name="value" val="{com.lenovo.loaddatalib.SwipeLoadDataLayout.SUCCESS, com.lenovo.loaddatalib.SwipeLoadDataLayout.EMPTY, com.lenovo.loaddatalib.SwipeLoadDataLayout.ERROR, com.lenovo.loaddatalib.SwipeLoadDataLayout.NO_NETWORK, com.lenovo.loaddatalib.SwipeLoadDataLayout.LOADING}" />
    </annotation>
  </item>
</root>

